state,"A criminal trial is being held in New York regarding Donald Trump falsifying business records to disguise a hush-money payment. Based on what you have seen or heard, which comes closer to your view? The trial is appropriate to hold Trump accountable, or the trial is a witch hunt The trial is a witch hunt","A criminal trial is being held in New York regarding Donald Trump falsifying business records to disguise a hush-money payment. Based on what you have seen or heard, which comes closer to your view? The trial is appropriate to hold Trump accountable, or the trial is a witch hunt The trial is appropriate to hold Trump accountable","A criminal trial is being held in New York regarding Donald Trump falsifying business records to disguise a hush-money payment. Based on what you have seen or heard, which comes closer to your view? The trial is appropriate to hold Trump accountable, or the trial is a witch hunt Unsure","Although you are undecided, which candidate do you lean toward? Donald Trump","Although you are undecided, which candidate do you lean toward? Joe Biden","Although you are undecided, which candidate do you lean toward? Kamala Harris","Although you are undecided, which candidate do you lean toward? System","Are you or any member of your household a member of a local, state or national labor union? No","Are you or any member of your household a member of a local, state or national labor union? Yes, a member of my household is","Are you or any member of your household a member of a local, state or national labor union? Yes, I am",Are you the parent or guardian of a child under the age of 18? No,Are you the parent or guardian of a child under the age of 18? Yes,Can you please tell me your gender? Female,Can you please tell me your gender? Male,Can you please tell me your gender? Nonbinary or other,"Do former President Donald Trump's criminal indictments raise serious doubts in your mind about voting for Donald Trump, or is this not a serious consideration for you? Not a serious consideration","Do former President Donald Trump's criminal indictments raise serious doubts in your mind about voting for Donald Trump, or is this not a serious consideration for you? Raises doubts",Do you approve or disapprove of the job Joe Biden is doing as President?,Do you approve or disapprove of the job Joe Biden is doing as President? Approve,Do you approve or disapprove of the job Joe Biden is doing as President? Disapprove,Do you approve or disapprove of the job Joe Biden is doing as President? Neutral or no opinion,Do you approve or disapprove of the job Katie Hobbs is doing as Governor? Approve,Do you approve or disapprove of the job Katie Hobbs is doing as Governor? Disapprove,Do you approve or disapprove of the job Katie Hobbs is doing as Governor? Neutral or no opinion,"Do you have a favorable or unfavorable view of the following individuals? First, Kamala Harris I have never heard of this person","Do you have a favorable or unfavorable view of the following individuals? First, Kamala Harris Somewhat favorable","Do you have a favorable or unfavorable view of the following individuals? First, Kamala Harris Somewhat unfavorable","Do you have a favorable or unfavorable view of the following individuals? First, Kamala Harris Very favorable","Do you have a favorable or unfavorable view of the following individuals? First, Kamala Harris Very unfavorable",Does Donald Trump's criminal conviction of 34 felonies impact your vote this November? No impact,"Does Donald Trump's criminal conviction of 34 felonies impact your vote this November? Yes, less likely to vote for Trump","Does Donald Trump's criminal conviction of 34 felonies impact your vote this November? Yes, more likely to vote for Trump",Does Hunter Biden's criminal conviction of three felonies impact your vote this November? No impact,"Does Hunter Biden's criminal conviction of three felonies impact your vote this November? Yes, less likely to vote for Joe Biden","Does Hunter Biden's criminal conviction of three felonies impact your vote this November? Yes, more likely to vote for Joe Biden","Does President Joe Biden's age raise serious doubts in your mind about voting for Joe Biden, or is this not a serious consideration for you? Not a serious consideration","Does President Joe Biden's age raise serious doubts in your mind about voting for Joe Biden, or is this not a serious consideration for you? Raises doubts","For statistical purposes only, can you please tell me your ethnicity? Asian","For statistical purposes only, can you please tell me your ethnicity? Black or African American","For statistical purposes only, can you please tell me your ethnicity? Hispanic or Latino of any race","For statistical purposes only, can you please tell me your ethnicity? Other or multiple races","For statistical purposes only, can you please tell me your ethnicity? White or Caucasian","How likely are you to vote in the November, 2024 Presidential election? 50-50","How likely are you to vote in the November, 2024 Presidential election? Not likely at all","How likely are you to vote in the November, 2024 Presidential election? Somewhat likely","How likely are you to vote in the November, 2024 Presidential election? Very likely",How motivated are you to vote in the 2024 presidential election? Extremely motivated,How motivated are you to vote in the 2024 presidential election? Not at all motivated,How motivated are you to vote in the 2024 presidential election? Not very motivated,How motivated are you to vote in the 2024 presidential election? Somewhat motivated,How motivated are you to vote in the 2024 presidential election? Unsure,How motivated are you to vote in the 2024 presidential election? Very motivated,"How motivated, if at all, would you say you are to vote in this year's election for president? Extremely motivated","How motivated, if at all, would you say you are to vote in this year's election for president? Not at all motivated","How motivated, if at all, would you say you are to vote in this year's election for president? Not too motivated","How motivated, if at all, would you say you are to vote in this year's election for president? Somewhat motivated","How motivated, if at all, would you say you are to vote in this year's election for president? Very motivated","If the 2024 election for US Congress were held today, would you support the Democratic candidate or the Republican candidate on the ballot? Democratic candidate","If the 2024 election for US Congress were held today, would you support the Democratic candidate or the Republican candidate on the ballot? Republican candidate","If the 2024 election for US Congress were held today, would you support the Democratic candidate or the Republican candidate on the ballot? Undecided","If the election were held today and there was an amendment on the ballot to allow for state and local police to arrest noncitizens who cross the border unlawfully and
allow state judges to order deportations, how would you vote? No","If the election were held today and there was an amendment on the ballot to allow for state and local police to arrest noncitizens who cross the border unlawfully and
allow state judges to order deportations, how would you vote? Not sure yet","If the election were held today and there was an amendment on the ballot to allow for state and local police to arrest noncitizens who cross the border unlawfully and
allow state judges to order deportations, how would you vote? Yes","If the election were held today, and there was an amendment on the ballot to establish the constitutional right to an abortion in Arizona, how would you vote? No","If the election were held today, and there was an amendment on the ballot to establish the constitutional right to an abortion in Arizona, how would you vote? Not sure yet","If the election were held today, and there was an amendment on the ballot to establish the constitutional right to an abortion in Arizona, how would you vote? Yes","If Trump is found guilty in the New York criminal trial, how does that impact your likelihood of supporting him for president in 2024? Less likely to support Trump","If Trump is found guilty in the New York criminal trial, how does that impact your likelihood of supporting him for president in 2024? More likely to support Trump","If Trump is found guilty in the New York criminal trial, how does that impact your likelihood of supporting him for president in 2024? No impact",In a hypothetical 2024 Presidential match-up between Gavin Newsom and Donald Trump who would you vote for at this time? Donald Trump,In a hypothetical 2024 Presidential match-up between Gavin Newsom and Donald Trump who would you vote for at this time? Gavin Newsom,In a hypothetical 2024 Presidential match-up between Gavin Newsom and Donald Trump who would you vote for at this time? Undecided,In a hypothetical 2024 Presidential match-up between Joe Biden and Donald Trump who would you vote for at this time? Donald Trump,In a hypothetical 2024 Presidential match-up between Joe Biden and Donald Trump who would you vote for at this time? Joe Biden,In a hypothetical 2024 Presidential match-up between Joe Biden and Donald Trump who would you vote for at this time? Undecided,In a hypothetical 2024 Presidential match-up between Kamala Harris and Donald Trump who would you vote for at this time? Donald Trump,In a hypothetical 2024 Presidential match-up between Kamala Harris and Donald Trump who would you vote for at this time? Kamala Harris,In a hypothetical 2024 Presidential match-up between Kamala Harris and Donald Trump who would you vote for at this time? Undecided,"In a hypothetical 2024 Presidential match-up between the following candidates, who would you vote for at this time? Chase Oliver","In a hypothetical 2024 Presidential match-up between the following candidates, who would you vote for at this time? Cornel West","In a hypothetical 2024 Presidential match-up between the following candidates, who would you vote for at this time? Donald Trump","In a hypothetical 2024 Presidential match-up between the following candidates, who would you vote for at this time? Jill Stein","In a hypothetical 2024 Presidential match-up between the following candidates, who would you vote for at this time? Joe Biden","In a hypothetical 2024 Presidential match-up between the following candidates, who would you vote for at this time? Kamala Harris","In a hypothetical 2024 Presidential match-up between the following candidates, who would you vote for at this time? Robert Kennedy","In a hypothetical 2024 Presidential match-up between the following candidates, who would you vote for at this time? Robert Kennedy Jr.","In a hypothetical 2024 Presidential match-up between the following candidates, who would you vote for at this time? Undecided","In a hypothetical 2024 US Senate Matchup between Democrat Ruben Gallego and Republican Kari Lake, who would you vote for at this time? Democrat Ruben Gallego","In a hypothetical 2024 US Senate Matchup between Democrat Ruben Gallego and Republican Kari Lake, who would you vote for at this time? Republican Kari Lake","In a hypothetical 2024 US Senate Matchup between Democrat Ruben Gallego and Republican Kari Lake, who would you vote for at this time? Undecided",Mode Email,Mode Landline,Mode Mobile,Mode Online panel,Mode Online Panel,Please select the type of area where you live Rural,Please select the type of area where you live Suburban,Please select the type of area where you live Urban,Please select the type of area where you live: Rural,Please select the type of area where you live: Suburban,Please select the type of area where you live: Urban,Region Midwest,Region Northeast,Region South,Region West,State * How likely are you to vote in the November 2024 Presidential election? Crosstabulation,State Arizona,State Georgia,State Michigan,State Nevada,State North Carolina,State Pennsylvania,State Wisconsin,What do you think is the most important issue facing Arizona? - Selected Choice Abortion access,What do you think is the most important issue facing Arizona? - Selected Choice Crime,"What do you think is the most important issue facing Arizona? - Selected Choice Economy (jobs, inflation, taxes)",What do you think is the most important issue facing Arizona? - Selected Choice Education,What do you think is the most important issue facing Arizona? - Selected Choice Foreign policy,What do you think is the most important issue facing Arizona? - Selected Choice Healthcare,What do you think is the most important issue facing Arizona? - Selected Choice Housing affordability,What do you think is the most important issue facing Arizona? - Selected Choice Immigration,What do you think is the most important issue facing Arizona? - Selected Choice Something else (please specify),What do you think is the most important issue facing Arizona? - Selected Choice Threats to democracy,What do you think is the most important issue facing the United States? - Selected Choice Abortion access,What do you think is the most important issue facing the United States? - Selected Choice Crime,"What do you think is the most important issue facing the United States? - Selected Choice Economy (jobs, inflation, taxes)",What do you think is the most important issue facing the United States? - Selected Choice Education,What do you think is the most important issue facing the United States? - Selected Choice Healthcare,What do you think is the most important issue facing the United States? - Selected Choice Housing affordability,What do you think is the most important issue facing the United States? - Selected Choice Immigration,What do you think is the most important issue facing the United States? - Selected Choice Something else (please specify),What do you think is the most important issue facing the United States? - Selected Choice Threats to democracy,What is the highest level of education you have attained? Associate Degree/some college,What is the highest level of education you have attained? College graduate,What is the highest level of education you have attained? High school or less,What is the highest level of education you have attained? Postgraduate or higher,What is the highest level of education you have attained? Vocational/technical school,What is your age range? 18-29 years,What is your age range? 30-39 years,What is your age range? 40-49 years,What is your age range? 50-59 years,What is your age range? 60-69 years,What is your age range? 70 or more years,What is your party affiliation? Democrat,What is your party affiliation? Independent/other,What is your party affiliation? Republican,What is your party registration or affiliation? Democrat,What is your party registration or affiliation? Independent/other,What is your party registration or affiliation? Republican,What is your party registration? Democrat,What is your party registration? Independent/other,What is your party registration? Republican,What social media platform do you use the most for news? - Selected Choice Facebook,What social media platform do you use the most for news? - Selected Choice I do not use social media for news,What social media platform do you use the most for news? - Selected Choice Instagram,What social media platform do you use the most for news? - Selected Choice Linkedin,What social media platform do you use the most for news? - Selected Choice Other (please specify),What social media platform do you use the most for news? - Selected Choice Reddit,What social media platform do you use the most for news? - Selected Choice Snapchat,What social media platform do you use the most for news? - Selected Choice TikTok,What social media platform do you use the most for news? - Selected Choice Twitter,What social media platform do you use the most for news? - Selected Choice YouTube,Which of the following media sources do you most rely on for political news and information? - Selected Choice Cable or network news,Which of the following media sources do you most rely on for political news and information? - Selected Choice Local news,Which of the following media sources do you most rely on for political news and information? - Selected Choice Print news (subscription or online),Which of the following media sources do you most rely on for political news and information? - Selected Choice Social media,Which of the following media sources do you most rely on for political news and information? - Selected Choice Something else (please specify),Who did you vote for in the 2020 election? Did not vote,Who did you vote for in the 2020 election? Donald Trump,Who did you vote for in the 2020 election? Joe Biden,Who did you vote for in the 2020 election? Someone else,Why did you choose this candidate? I care about an issue,Why did you choose this candidate? I disliked one of the candidates,Why did you choose this candidate? I liked one of the candidates,Why did you choose this candidate? Something else (please specify)
NA,NA,NA,NA,37.3,62.7,52.34375788721065,NA,NA,NA,NA,NA,NA,51.1,47.2,1.7,42.7,57.3,NA,42.1,47.3,10.6,NA,NA,NA,NA,13.763537598565572,5.77991240305227,33.111625667313966,47.34492433106803,39.8977495283146,32.753135756211734,27.349114715473544,NA,NA,NA,41.7,58.3,4.4,13.4,14.5,2.8,64.8,6.7,2.1,8.2,83,NA,NA,NA,NA,NA,NA,67.69352092756982,1.9513210844618871,3.095837766434384,13.273083551483808,13.986236670049992,42.3,43.9,13.8,NA,NA,NA,NA,NA,NA,NA,NA,NA,46.1,36,17.9,44.7,44.1,11.2,46,42.7,11.4,0.18835924363935724,1.4,40.2,1.3,37.9,48.34390876854888,6.7,7.8,12.5,NA,NA,NA,3.3,43.1,14.670438066139832,60.2,53.6,25.5,48.2,24.9999194893455,NA,NA,NA,21.7,17.4,37.4,23.4,NA,470,450,454,473,446,474,495,NA,NA,NA,NA,NA,NA,NA,NA,NA,NA,5.7,6.1,34.9,3.2,7.1,5.2,21.7,4.4,12.7,26.7,23.6,26.3,14.4,9,16,16,16,17,19,16,NA,NA,NA,36.8,27.7,35.5,36.7,28.2,35.1,NA,NA,NA,NA,NA,NA,NA,NA,NA,NA,NA,NA,NA,NA,NA,11.1,40.9,45.3,2.7,25.6,21.2,29.5,7.6
Arizona,43.11118959831635,46.95444539608306,9.93436500560034,52.3,47.7,47.4,84.2,84.3075337994358,7.771785082556841,7.920681118007254,75.92567920387413,24.07432079612557,52.1,47.2,0.7,44.8,55.2,NA,37.4,53.7,9,39.8,38.8,21.4,0.8,15.2,5.2,33.5,45.3,42.3,32.6,25.2,70.7,19.7,9.6,40.8,59.2,2.2,2.6,18.7,5.3,71.2,6.7,2.6,5.8,84.9,74,2.4,4.5,8.7,2.2,8.3,NA,NA,NA,NA,NA,NA,NA,NA,28.7,16.3,55,26,18.2,55.8,29.720525685473586,32.69895459107159,37.58051972345444,47.3,34.4,18.3,45.6,42.5,11.9,47.6,40.3,12.1,0.6,1.1,42.6,1.3,37.1,39.8,7.5,5.2,10.3,45.8,38.8,15.4,1.4,33.5,11.1,49.2,54,22.2,51.5,26.3,21.58267681382376,51.418990863542334,26.9983323226336,NA,NA,NA,NA,NA,470,450,454,473,446,474,495,12.416681053619062,3.276847355627418,24.74327167213223,6.209926880644213,0.4,6.021147349789949,8.1915008297139,27.85105131239784,3.8733266337758225,7.416246912299203,NA,NA,NA,NA,NA,NA,NA,NA,NA,31,23.8,24.1,11.7,9.3,16,13,14,18,19,20,NA,NA,NA,NA,NA,NA,30,35.8,34.2,10.144056562755294,42.12194412850704,6.113203345997787,1.3390850738568074,9.81213279006479,2.495508562749156,0.46582134672957487,5.8166643784859815,6.966094020106625,14.72548979074659,35.08392410368822,17.65589825941151,11.233697187762395,24.001474264926475,12.025006184211056,10,43.2,43.6,3.1,27.5,29,24.2,9.3
North Carolina,43.11118959831635,46.95444539608306,9.93436500560034,52.33408811742759,47.66591188257212,47.49812359254599,92.29701835154546,84.3075337994358,7.771785082556841,7.920681118007254,75.92567920387413,24.07432079612557,54.6,44.5,0.9,48.5,51.5,NA,38.3,54.3,7.4,38.18210507101179,41.827231691419726,19.9906632375682,NA,17.47605165003278,3.8869015428286127,33.312795827260594,45.32425097987772,NA,NA,NA,NA,NA,NA,41.6,58.4,2.7,24.1,4.5,3,65.7,NA,NA,NA,100,NA,NA,NA,NA,NA,NA,NA,NA,NA,NA,NA,NA,NA,NA,NA,NA,NA,NA,NA,NA,29.720525685473586,32.69895459107159,37.58051972345444,49.2,34,16.9,46.6,43.7,9.7,49.9,40.7,9.4,NA,1,45.9,0.9,36.7,NA,4.9,NA,10.7,45.284159668309535,43.11260285956019,11.60323747213002,0.8,40,1.3,37.292274540761504,57.9,NA,NA,NA,21.58267681382376,51.418990863542334,26.9983323226336,NA,NA,NA,NA,NA,470,450,454,473,446,474,495,12.416681053619062,3.276847355627418,24.74327167213223,6.209926880644213,0.2094102497680011,6.021147349789949,8.1915008297139,27.85105131239784,3.8733266337758225,7.416246912299203,NA,NA,NA,NA,NA,NA,NA,NA,NA,31.3,22.2,26.1,14.1,6.3,15,14,16,21,18,16,33.8,29.6,36.6,NA,NA,NA,30.00000000001512,35.8000000000124,34.19999999997209,10.144056562755294,42.12194412850704,6.113203345997787,1.3390850738568074,9.81213279006479,2.495508562749156,0.46582134672957487,5.8166643784859815,6.966094020106625,14.72548979074659,35.08392410368822,17.65589825941151,11.233697187762395,24.001474264926475,12.025006184211056,7.2,45.2,44.3,3.3,NA,NA,NA,NA
Pennsylvania,43.11118959831635,46.95444539608306,9.93436500560034,51.8,48.2,47.4,NA,84.3075337994358,7.771785082556841,7.920681118007254,75.92567920387413,24.07432079612557,51.8,46.4,1.8,43.4,56.6,NA,36.6,56,7.5,38.18210507101179,41.827231691419726,19.9906632375682,0.8,15.2,5.2,33.5,45.3,42.3,32.6,25.2,70.7,19.7,9.6,36.5,63.5,1.5,12,4.5,1.8,80.2,6.7,2.6,5.8,84.9,74,2.4,4.5,8.7,2.2,8.3,85.24242115663621,0.4627629296506135,1.0559013029212876,4.005342917450199,9.233571693341649,NA,NA,NA,28.7,16.3,55,26,18.2,55.8,29.720525685473586,32.69895459107159,37.58051972345444,48.4,33.2,18.4,45.1,42.9,12,49.2,39.5,11.2,0.6,1.6,41.5,0.9,36.8,39.8,7.6,5.2,11.6,45.284159668309535,43.11260285956019,11.60323747213002,1.6,21.6,5.5,45,71.3,22.2,51.5,26.3,21.58267681382376,51.418990863542334,26.9983323226336,NA,NA,NA,NA,NA,470,450,454,473,446,474,495,12.416681053619062,3.276847355627418,24.74327167213223,6.209926880644213,0.4,6.021147349789949,8.1915008297139,27.85105131239784,3.8733266337758225,7.416246912299203,NA,NA,NA,NA,NA,NA,NA,NA,NA,25.1,22.1,24.3,18.3,10.3,12.9,15.8,12.9,20.8,19.8,17.8,NA,NA,NA,NA,NA,NA,40.2,18.4,41.3,10.144056562755294,42.12194412850704,6.113203345997787,1.3390850738568074,9.81213279006479,2.495508562749156,0.46582134672957487,5.8166643784859815,6.966094020106625,14.72548979074659,35.08392410368822,17.65589825941151,11.233697187762395,24.001474264926475,12.025006184211056,6.7,45.2,46,2.1,23.7,27.2,25.7,9.3
New York,NA,NA,NA,44.76155393057334,55.238446069426715,55.517522962925234,88.50000007570085,NA,NA,NA,NA,NA,51.199999992683075,48.20000000714667,0.5999999997773986,NA,NA,NA,38.97556710533512,49.62604330602735,11.398389588637556,NA,NA,NA,NA,NA,NA,NA,NA,NA,NA,NA,NA,NA,NA,NA,NA,7.843137464076221,12.54901961410258,16.176470519400663,3.8235294250943457,59.60784297732624,NA,NA,NA,98.2526056697692,NA,NA,NA,NA,NA,NA,NA,NA,NA,NA,NA,NA,NA,NA,NA,NA,NA,NA,NA,NA,NA,NA,NA,NA,NA,NA,40.90000065344025,47.59999942226063,11.499999924299164,NA,NA,NA,NA,1.495792383031615,37.57234419623294,0.7217339132295437,44.056670672833306,NA,NA,5.675202340102248,10.478256494570418,NA,NA,NA,NA,38.37848499153932,11.323986718531872,50.29752828992888,NA,NA,NA,NA,NA,NA,NA,NA,NA,NA,NA,NA,NA,NA,NA,NA,NA,NA,NA,NA,NA,NA,NA,NA,NA,NA,NA,NA,NA,NA,NA,NA,NA,NA,NA,NA,NA,NA,25.899999969349935,24.200000276154935,18.899999993762997,23.099999818079983,7.899999942652232,16.898608380204966,14.21471186292606,19.88071572926432,20.17892645430116,16.401590365048044,12.425447208255552,NA,NA,NA,NA,NA,NA,47.69999993521729,29.10000011332368,23.199999951459095,NA,NA,NA,NA,NA,NA,NA,NA,NA,NA,NA,NA,NA,NA,NA,6.993007205638806,32.66733234709827,55.644355720150976,4.695304727112011,NA,NA,NA,NA
Texas,NA,NA,NA,52.2963474402658,NA,46.67153830771739,97.48370223791947,NA,NA,NA,NA,NA,54.00000000011491,45.2000000000739,0.7999999998113636,NA,NA,NA,34.79252097572407,55.54330767297083,9.664171351305283,NA,NA,NA,NA,16.37649083863661,6.397551326601725,33.70855986081094,43.51739797395101,NA,NA,NA,NA,NA,NA,NA,NA,3.8999999999038817,11.999999999956398,22.300000000012822,3.899999999909022,57.90000000021802,NA,NA,NA,100,NA,NA,NA,NA,NA,NA,NA,NA,NA,NA,NA,NA,NA,NA,NA,NA,NA,NA,NA,NA,NA,NA,NA,NA,NA,NA,NA,NA,NA,NA,NA,NA,NA,NA,NA,NA,NA,NA,NA,NA,NA,NA,NA,NA,NA,NA,63.70367640937321,36.296323590626834,NA,NA,NA,NA,NA,NA,NA,NA,NA,NA,NA,NA,NA,NA,NA,NA,NA,NA,NA,NA,NA,NA,NA,NA,NA,NA,NA,NA,NA,NA,NA,NA,NA,NA,NA,NA,NA,NA,34.37815975741165,24.165824064739542,16.98685540948567,15.369059656196503,9.100101112166891,14.415322580632836,14.112903225793133,15.22177419354352,20.463709677439084,19.153225806465297,16.633064516126357,30.699999999982985,28.899999999979865,40.40000000003741,NA,NA,NA,NA,NA,NA,NA,NA,NA,NA,NA,NA,NA,NA,NA,NA,NA,NA,NA,NA,NA,6.899999999897287,47.60000000012875,42.20000000010533,3.299999999868925,NA,NA,NA,NA
Virginia,NA,NA,NA,50.444576511583286,49.55542348841618,52.72650528371173,88.79999999585377,NA,NA,NA,NA,NA,50.99999999711839,48.50000000184265,0.5000000010384045,NA,NA,NA,37.437465964602715,52.86839302177425,9.694141013622565,NA,NA,NA,NA,NA,NA,NA,NA,NA,NA,NA,NA,NA,NA,NA,NA,3.753910328118084,18.665276329611256,3.8581856101305574,3.8581856100056218,69.8644421221342,3.1428898793493176,2.764465405014217,3.873295564639053,90.21934915099736,NA,NA,NA,NA,NA,NA,76.17693009797024,2.0935406295974093,3.3871653420728043,7.407098159097365,10.935265771262149,NA,NA,NA,NA,NA,NA,NA,NA,NA,NA,NA,NA,NA,NA,NA,45.4000000028403,43.39999999301292,11.200000004146233,46.720698669116594,44.53088532521015,8.748416005672729,0.3949201095958547,1.6637591999668324,42.872852744691606,1.720921175674926,38.0389286919344,NA,NA,7.541850917313636,7.766767160822331,NA,NA,NA,NA,28.185358095652692,40.32826700967553,31.486374894671343,NA,32.7420172606161,52.80536007702224,14.452622662361156,NA,NA,NA,NA,NA,NA,NA,NA,NA,NA,NA,NA,NA,NA,NA,NA,NA,NA,NA,NA,NA,NA,NA,NA,NA,NA,NA,NA,NA,NA,NA,NA,NA,NA,32.09999999741516,26.099999999230448,19.20000000057701,17.100000000272605,5.500000002504484,18.20000000145137,17.800000000788227,17.799999999351787,18.300000000894087,15.299999999267389,12.599999998246789,39.56121350442446,28.630974874098666,31.80781162147651,NA,NA,NA,36.39999999998404,29.60000000004699,33.99999999996917,NA,NA,NA,NA,NA,NA,NA,NA,NA,NA,NA,NA,NA,NA,NA,4.600000002354758,41.699999993582566,51.60000000123489,2.1000000028272203,NA,NA,NA,NA
Georgia,43.11118959831635,46.95444539608306,9.93436500560034,52.33408811742759,47.66591188257212,47.4,92.29701835154546,84.3075337994358,7.771785082556841,7.920681118007254,75.92567920387413,24.07432079612557,53.7,44.6,1.7,46.4,53.6,NA,38.8,50.4,10.8,38.18210507101179,41.827231691419726,19.9906632375682,0.8,15.2,5.2,33.5,45.3,42.3,32.6,25.2,70.7,19.7,9.6,40,60,1.7,28.9,7.1,1.4,60.9,6.7,2.6,5.8,84.9,74,2.4,4.5,8.7,2.2,8.3,NA,NA,NA,NA,NA,NA,NA,NA,28.7,16.3,55,26,18.2,55.8,29.720525685473586,32.69895459107159,37.58051972345444,50.5,32.2,17.3,47.9,41.6,10.5,51,41.2,7.8,0.6,1.4,45,0.7,36.2,39.8,5.9,5.2,10.9,45.284159668309535,43.11260285956019,11.60323747213002,0.2,28.5,5.5,41,65.7,22.2,51.5,26.3,21.58267681382376,51.418990863542334,26.9983323226336,NA,NA,NA,NA,NA,470,450,454,473,446,474,495,12.416681053619062,3.276847355627418,24.74327167213223,6.209926880644213,0.4,6.021147349789949,8.1915008297139,27.85105131239784,3.8733266337758225,7.416246912299203,NA,NA,NA,NA,NA,NA,NA,NA,NA,29.3,25.8,21.8,14.2,8.9,20.1,16.8,17.8,17.8,14.8,12.8,33.8,28.2,38,NA,NA,NA,30.00000000001512,35.8000000000124,34.19999999997209,10.144056562755294,42.12194412850704,6.113203345997787,1.3390850738568074,9.81213279006479,2.495508562749156,0.46582134672957487,5.8166643784859815,6.966094020106625,14.72548979074659,35.08392410368822,17.65589825941151,11.233697187762395,24.001474264926475,12.025006184211056,7.4,44.9,45.3,2.4,NA,NA,NA,NA
Michigan,43.11118959831635,46.95444539608306,9.93436500560034,50.3,49.7,47.4,88.8,84.3075337994358,7.771785082556841,7.920681118007254,75.92567920387413,24.07432079612557,54.5,44.3,1.2,NA,NA,NA,38.7,52,9.3,38.18210507101179,41.827231691419726,19.9906632375682,0.8,15.2,5.2,33.5,45.3,42.3,32.6,25.2,70.7,19.7,9.6,NA,NA,2.3,12.6,3,4.5,77.6,6.7,2.6,5.8,84.9,74,2.4,4.5,8.7,2.2,8.3,NA,NA,NA,NA,NA,NA,NA,NA,28.7,16.3,55,26,18.2,55.8,29.720525685473586,32.69895459107159,37.58051972345444,NA,NA,NA,45.4,43.5,11.2,49.4,43.6,7,0.6,0.6,43.2,1,40.6,39.8,4.6,5.2,10.1,45.284159668309535,43.11260285956019,11.60323747213002,NA,41.4022468431691,23.1818676118133,41,35.41588554501721,22.2,51.5,26.3,21.58267681382376,51.418990863542334,26.9983323226336,NA,NA,NA,NA,NA,470,450,454,473,446,474,495,12.416681053619062,3.276847355627418,24.74327167213223,6.209926880644213,0.4,6.021147349789949,8.1915008297139,27.85105131239784,3.8733266337758225,7.416246912299203,NA,NA,NA,NA,NA,NA,NA,NA,NA,28.4,19.9,27.4,16.4,8,11.1,14.1,15.2,20.2,19.2,20.2,37.6,25.5,37,NA,NA,NA,30.00000000001512,35.8000000000124,34.19999999997209,10.144056562755294,42.12194412850704,6.113203345997787,1.3390850738568074,9.81213279006479,2.495508562749156,0.46582134672957487,5.8166643784859815,6.966094020106625,14.72548979074659,35.08392410368822,17.65589825941151,11.233697187762395,24.001474264926475,12.025006184211056,11.5,41.7,44,2.8,24.2,26.9,26.2,10.5
Nevada,43.11118959831635,46.95444539608306,9.93436500560034,51.3,48.7,47.49812359254599,85.1,84.3075337994358,7.771785082556841,7.920681118007254,75.92567920387413,24.07432079612557,52.1,47.3,0.6,47,53,NA,33.9,54.5,11.6,38.18210507101179,41.827231691419726,19.9906632375682,NA,17.47605165003278,3.8869015428286127,33.312795827260594,45.32425097987772,42.3,32.6,25.2,70.7,19.7,9.6,39.4,60.6,5.3,7.1,17.4,5.1,65.2,6.7,2.6,5.8,84.9,74,2.4,4.5,8.7,2.2,8.3,NA,NA,NA,NA,NA,NA,NA,NA,28.7,16.3,55,26,18.2,55.8,29.720525685473586,32.69895459107159,37.58051972345444,49,31.5,19.5,46,40.2,13.8,47.6,38.9,13.5,NA,1.1,44.3,1.2,34.3,NA,6.2,NA,13,45.284159668309535,43.11260285956019,11.60323747213002,2.9,35.2,7.6,37.292274540761504,54.3,22.2,51.5,26.3,21.58267681382376,51.418990863542334,26.9983323226336,NA,NA,NA,NA,NA,470,450,454,473,446,474,495,12.416681053619062,3.276847355627418,24.74327167213223,6.209926880644213,0.2094102497680011,6.021147349789949,8.1915008297139,27.85105131239784,3.8733266337758225,7.416246912299203,NA,NA,NA,NA,NA,NA,NA,NA,NA,32.8,20.8,24,12.9,9.6,14.1,17.2,14.1,16.2,18.2,20.2,NA,NA,NA,NA,NA,NA,32,39,29,10.144056562755294,42.12194412850704,6.113203345997787,1.3390850738568074,9.81213279006479,2.495508562749156,0.46582134672957487,5.8166643784859815,6.966094020106625,14.72548979074659,35.08392410368822,17.65589825941151,11.233697187762395,24.001474264926475,12.025006184211056,11,42.3,44.7,2,26.6,30.9,21.4,9.8
Wisconsin,43.11118959831635,46.95444539608306,9.93436500560034,51.8,48.2,47.4,89.3,84.3075337994358,7.771785082556841,7.920681118007254,75.92567920387413,24.07432079612557,49.8,49.5,0.7,NA,NA,NA,37.5,53.3,9.2,38.18210507101179,41.827231691419726,19.9906632375682,0.8,15.2,5.2,33.5,45.3,42.3,32.6,25.2,70.7,19.7,9.6,NA,NA,1.3,6.7,4,1.5,86.5,6.7,2.6,5.8,84.9,74,2.4,4.5,8.7,2.2,8.3,NA,NA,NA,NA,NA,NA,NA,NA,28.7,16.3,55,26,18.2,55.8,29.720525685473586,32.69895459107159,37.58051972345444,NA,NA,NA,46,43.3,10.7,49.4,43.6,7,0.6,0.6,43.4,1,39.6,39.8,5.9,5.2,9.6,45.284159668309535,43.11260285956019,11.60323747213002,NA,41.4022468431691,23.1818676118133,41,35.41588554501721,22.2,51.5,26.3,21.58267681382376,51.418990863542334,26.9983323226336,NA,NA,NA,NA,NA,470,450,454,473,446,474,495,12.416681053619062,3.276847355627418,24.74327167213223,6.209926880644213,0.4,6.021147349789949,8.1915008297139,27.85105131239784,3.8733266337758225,7.416246912299203,NA,NA,NA,NA,NA,NA,NA,NA,NA,31,23.8,24.1,11.7,9.3,13.1,14.1,14.1,21.2,20.2,17.2,NA,NA,NA,NA,NA,NA,33.1,30.5,36.4,10.144056562755294,42.12194412850704,6.113203345997787,1.3390850738568074,9.81213279006479,2.495508562749156,0.46582134672957487,5.8166643784859815,6.966094020106625,14.72548979074659,35.08392410368822,17.65589825941151,11.233697187762395,24.001474264926475,12.025006184211056,7.9,44.3,44.5,3.2,25.8,26.2,24,10.3
Maryland,NA,NA,NA,33.32081131112447,NA,65.27506145520002,95.1767430609136,NA,NA,NA,NA,NA,53,46.2,0.8,34,66,NA,47.66392281245239,42.845513401152054,9.49056378639569,NA,NA,NA,NA,NA,NA,NA,NA,NA,NA,NA,NA,NA,NA,46.1,53.9,4.2,28.7,4.3,2.5,60.3,NA,NA,NA,NA,NA,NA,NA,NA,NA,NA,NA,NA,NA,NA,NA,NA,NA,NA,NA,NA,NA,NA,NA,NA,NA,NA,NA,NA,NA,NA,32,54.6,13.4,NA,NA,NA,NA,1.2,31.4,1.4,46.6,NA,5.9,NA,13.5,NA,NA,NA,2,56.4,28.857272158435823,41.88296711916328,41.5,NA,NA,NA,NA,NA,NA,NA,NA,NA,NA,NA,NA,NA,NA,NA,NA,NA,NA,NA,NA,NA,NA,NA,NA,NA,NA,NA,NA,NA,NA,NA,NA,NA,NA,NA,NA,NA,21.8,27.2,22.6,22.1,6.3,11.3,17.2,16.9,19.9,19.9,14.9,NA,NA,NA,NA,NA,NA,54.3,21.1,24.6,NA,NA,NA,NA,NA,NA,NA,NA,NA,NA,NA,NA,NA,NA,NA,13,26.8,57.9,2.3,NA,NA,NA,NA
Missouri,NA,NA,NA,56.71710882509062,43.282891174909615,43.396064843720325,92.66362885744586,NA,NA,NA,NA,NA,50.8,48.6,1.29999999994324,NA,NA,NA,32.4170729570677,58.08219883868851,9.500728204244057,NA,NA,NA,NA,NA,NA,NA,NA,36.024859280952484,32.842645537771354,31.132495181276383,NA,NA,NA,NA,NA,1.8,10.2,5.2,5.1,77.7,NA,NA,NA,100,NA,NA,NA,NA,NA,NA,85.5746128493642,0.4976326530868245,1.33682764436106,2.8214885775085996,9.769438275679256,NA,NA,NA,NA,NA,NA,NA,NA,NA,NA,NA,NA,NA,NA,NA,53.1481334618653,39.515495395580835,7.336371142554124,NA,NA,NA,NA,1.0117941001246928,50.44411954113453,0.5613554830313797,34.61588643539313,NA,6.494869517756478,NA,6.871974922560047,NA,NA,NA,NA,54.76011573442972,NA,NA,45.239884265570616,NA,NA,NA,NA,NA,NA,NA,NA,NA,NA,NA,NA,NA,NA,NA,NA,NA,NA,NA,NA,NA,NA,NA,NA,NA,NA,NA,NA,NA,NA,NA,NA,NA,NA,NA,NA,NA,29.5,21.1,24.7,12.9,11.9,12.30314960629067,15.74803149606321,13.779527559049804,19.685039370079416,19.685039370090944,16.6,32.794164482686696,24.18302597263046,43.02280954468313,NA,NA,NA,NA,NA,NA,NA,NA,NA,NA,NA,NA,NA,NA,NA,NA,NA,NA,NA,NA,NA,17.8,45.9,31.9,4.3,NA,NA,NA,NA
Indiana,NA,NA,NA,57.92365389948928,NA,40.666454105008974,97.7661154272122,NA,NA,NA,NA,NA,52,47,1,NA,NA,NA,30.1,58.9,11.1,NA,NA,NA,NA,NA,NA,NA,NA,NA,NA,NA,NA,NA,NA,NA,NA,1.8,8.8,3.5,1.4,84.5,NA,NA,NA,100,NA,NA,NA,NA,NA,NA,88.00479053229296,0.21159765578732925,1.2769198010880265,2.244905473178967,8.261786537652585,NA,NA,NA,NA,NA,NA,NA,NA,NA,NA,NA,NA,NA,NA,NA,NA,NA,NA,NA,NA,NA,NA,NA,NA,NA,NA,NA,NA,NA,NA,NA,NA,NA,1.9,NA,57.1,41.1,NA,NA,NA,NA,NA,NA,NA,NA,NA,NA,NA,NA,NA,NA,NA,NA,NA,NA,NA,NA,NA,NA,NA,NA,NA,NA,NA,NA,NA,NA,NA,NA,NA,NA,NA,NA,NA,NA,34.6,21.3,24.5,11.2,8.4,12.9,16.2,14.6,19.8,18.7,17.8,28.2,30.9,40.9,NA,NA,NA,NA,NA,NA,NA,NA,NA,NA,NA,NA,NA,NA,NA,NA,NA,NA,NA,NA,NA,11.2,51.4,34.6,2.8,NA,NA,NA,NA
California,NA,NA,NA,NA,NA,NA,NA,NA,NA,NA,NA,NA,51.9,47.1,1,NA,NA,NA,49.7,40.6,9.7,NA,NA,NA,NA,NA,NA,NA,NA,NA,NA,NA,NA,NA,NA,NA,NA,6.1,9.3,31,4.5,49.1,NA,NA,NA,NA,NA,NA,NA,NA,NA,NA,NA,NA,NA,NA,NA,NA,NA,NA,NA,NA,NA,NA,NA,NA,NA,NA,NA,NA,NA,NA,NA,NA,NA,NA,NA,NA,NA,1.3,30.7,0.8,48.9,NA,7.7,NA,10.5,NA,NA,NA,3,34.4,15.6,54.3,62.5,NA,NA,NA,NA,NA,NA,NA,NA,NA,NA,NA,NA,NA,NA,NA,NA,NA,NA,NA,NA,NA,NA,NA,NA,NA,NA,NA,NA,NA,NA,NA,NA,NA,NA,NA,NA,NA,28.6,28.7,19.5,15.2,8,13.4,19.7,17,19.9,17.9,12,NA,NA,NA,NA,NA,NA,46.9,29.2,23.9,NA,NA,NA,NA,NA,NA,NA,NA,NA,NA,NA,NA,NA,NA,NA,9.4,28.7,58.2,3.7,NA,NA,NA,NA
Florida,NA,NA,NA,56.4,43.6,NA,NA,NA,NA,NA,NA,NA,53.7,45.7,0.6,NA,NA,NA,36,53.6,10.5,NA,NA,NA,NA,NA,NA,NA,NA,NA,NA,NA,NA,NA,NA,NA,NA,1.6,14.3,19.3,3.3,61.5,NA,NA,NA,NA,NA,NA,NA,NA,NA,NA,NA,NA,NA,NA,NA,NA,NA,NA,NA,NA,NA,NA,NA,NA,NA,NA,NA,NA,NA,NA,51.3,37.9,10.8,NA,NA,NA,NA,0.5,49.2,1.1,34.6,NA,NA,6.1,8.6,NA,NA,NA,NA,NA,NA,NA,NA,NA,NA,NA,NA,NA,NA,NA,NA,NA,NA,NA,NA,NA,NA,NA,NA,NA,NA,NA,NA,NA,NA,NA,NA,NA,NA,NA,NA,NA,NA,NA,NA,NA,NA,NA,NA,NA,36.1,22.5,19.4,13.8,8.2,12.9,13.2,13.2,19.3,20.3,21.3,NA,NA,NA,NA,NA,NA,31.9,29.6,38.5,NA,NA,NA,NA,NA,NA,NA,NA,NA,NA,NA,NA,NA,NA,NA,6.2,46.7,43.6,3.4,NA,NA,NA,NA
Ohio,NA,NA,NA,55.4,44.6,NA,NA,NA,NA,NA,NA,NA,52.2,47,0.8,50.1,49.9,NA,36.5,53.2,10.3,NA,NA,NA,NA,NA,NA,NA,NA,NA,NA,NA,NA,NA,NA,40.8,59.2,1.5,11.8,3.8,1.9,81,NA,NA,NA,NA,NA,NA,NA,NA,NA,NA,NA,NA,NA,NA,NA,NA,NA,NA,NA,NA,NA,NA,NA,NA,NA,NA,NA,NA,NA,NA,50.3,40.6,9.1,NA,NA,NA,NA,1.4,47.1,0.8,38,NA,5.7,NA,7.1,NA,NA,NA,1.7,25.6,19.5,53.1,NA,NA,NA,NA,NA,NA,NA,NA,NA,NA,NA,NA,NA,NA,NA,NA,NA,NA,NA,NA,NA,NA,NA,NA,NA,NA,NA,NA,NA,NA,NA,NA,NA,NA,NA,NA,NA,NA,27,21.1,27.6,14.4,9.9,15.3,15.3,16.3,20.4,16.3,16.3,31.2,29.9,38.9,NA,NA,NA,NA,NA,NA,NA,NA,NA,NA,NA,NA,NA,NA,NA,NA,NA,NA,NA,NA,NA,6.7,49.4,42.1,1.8,24.3,25.7,26.1,8.4
New Mexico,NA,NA,NA,46.43093649490436,NA,53.56906350509566,94.1734191857962,NA,NA,NA,NA,NA,53.00000000027659,46.70000000018542,0.29999999953799616,NA,NA,NA,46.32627917977479,45.800431005520934,7.873289814704296,NA,NA,NA,1.7008260811269664,13.457726111635452,7.004264011347193,28.103918522566367,49.73326527332404,NA,NA,NA,NA,NA,NA,NA,NA,0.8447729669985738,2.9567053851890663,32.523759239878366,8.764519535221265,54.910242872712665,2.5598652674941036,2.9894970573983897,5.680102827573805,88.77053484753378,NA,NA,NA,NA,NA,NA,80.14921912817725,1.828448017831533,2.777376573688955,5.719915869209118,9.52504041109306,NA,NA,NA,NA,NA,NA,NA,NA,NA,NA,NA,NA,NA,NA,NA,NA,NA,NA,42.02039783633557,52.15302134946065,5.826580814203788,0.23451783477306176,0.1711350435301897,40.16170735203519,0.3474726429234902,NA,50.97513802723245,NA,3.3829258487300047,4.727103250775639,NA,NA,NA,NA,28.170053296095904,42.065791440253435,29.76415526365073,NA,43.155183935948685,36.285138778929905,20.559677285121445,NA,NA,NA,NA,NA,NA,NA,NA,NA,NA,NA,NA,NA,NA,NA,NA,NA,NA,NA,NA,NA,NA,NA,NA,NA,NA,NA,NA,NA,NA,NA,NA,NA,NA,37.10000000022956,20.50000000001078,18.499999999978893,15.09999999993544,8.7999999998453209,NA,NA,14.084507042173213,19.11468812875864,20.52313883300532,20.120724346082778,NA,NA,NA,NA,NA,NA,43.00000000013709,25.89999999989448,31.099999999968443,NA,NA,NA,NA,NA,NA,NA,NA,NA,NA,NA,NA,NA,NA,NA,5.799999999735257,40.20000000020634,51.40000000036857,2.599999999689839,NA,NA,NA,NA
Montana,NA,NA,NA,NA,NA,NA,NA,NA,NA,NA,NA,NA,49.3,49.2,1.5,50.2,49.8,NA,28,61.6,10.4,NA,NA,NA,NA,NA,NA,NA,NA,NA,NA,NA,NA,NA,NA,31.9,68.1,1.1,1.9,4.4,4.7,87.9,NA,NA,NA,NA,NA,NA,NA,NA,NA,NA,NA,NA,NA,NA,NA,NA,NA,NA,NA,NA,NA,NA,NA,NA,NA,NA,NA,NA,NA,NA,55.6,35,9.4,NA,NA,NA,NA,1.1,48.5,0.7,28.3,NA,8.2,NA,13.3,NA,NA,NA,1.5,NA,28.8,69.7,NA,NA,NA,NA,NA,NA,NA,NA,NA,NA,NA,NA,NA,NA,NA,NA,NA,NA,NA,NA,NA,NA,NA,NA,NA,NA,NA,NA,NA,NA,NA,NA,NA,NA,NA,NA,NA,NA,33.5,18.6,25.5,12.3,10.2,19.4,15.1,15.1,17.1,16.1,17.1,25.9,33.9,40.2,NA,NA,NA,NA,NA,NA,NA,NA,NA,NA,NA,NA,NA,NA,NA,NA,NA,NA,NA,NA,NA,9.7,51.8,36.6,1.9,NA,NA,NA,NA
New Hampshire,NA,NA,NA,NA,NA,NA,NA,NA,NA,NA,NA,NA,51.40000000003664,47.60000000003099,0.9999999999321856,NA,NA,NA,38.79362388712863,52.57473768660294,8.631638426268308,NA,NA,NA,NA,NA,NA,NA,NA,NA,NA,NA,NA,NA,NA,NA,NA,1.3842275843427734,2.127534951761846,3.850143431449348,3.552503648595388,89.0855903838506,2.5926895449610696,0.3197360184724459,6.525955834067673,90.5616186024988,NA,NA,NA,NA,NA,NA,NA,NA,NA,NA,NA,47.9659462012318,43.24814505857459,8.78590874019344,NA,NA,NA,NA,NA,NA,NA,NA,NA,NA,NA,NA,NA,NA,NA,NA,NA,NA,NA,0.2828421299298148,41.44528413801067,0.7665551308336557,NA,47.65849476082028,NA,5.811108378258538,4.035715462146874,NA,NA,NA,NA,NA,66.96879268823692,33.031207311762884,NA,NA,NA,NA,NA,NA,NA,NA,NA,NA,NA,NA,NA,NA,NA,NA,NA,NA,NA,NA,NA,NA,NA,NA,NA,NA,NA,NA,NA,NA,NA,NA,NA,NA,NA,NA,NA,NA,26.900000000012287,25.100000000012653,19.999999999998128,17.39999999999709,10.599999999979634,16.99999999999711,13.999999999994856,14.999999999998398,21.000000000009077,20.000000000006946,12.999999999993369,NA,NA,NA,NA,NA,NA,29.999999999991793,39.00000000001473,30.99999999999337,NA,NA,NA,NA,NA,NA,NA,NA,NA,NA,NA,NA,NA,NA,NA,3.89999999995847,43.50000000003672,50.800000000052115,1.799999999952525,NA,NA,NA,NA
Minnesota,NA,NA,NA,52,48,NA,89.9,86.5,5.8,7.7,NA,NA,51.8,47,1.2,NA,NA,NA,35.9,54.3,9.8,35.6,42.7,21.8,NA,NA,NA,NA,NA,42.3,32.6,25.2,70.7,19.7,9.6,NA,NA,2.2,2.6,18.7,5.3,71.2,6.7,2.6,5.8,84.9,74,2.4,4.5,8.7,2.2,8.3,NA,NA,NA,NA,NA,NA,NA,NA,28.7,16.3,55,26,18.2,55.8,NA,NA,NA,NA,NA,NA,47.2,42.7,10.1,NA,NA,NA,NA,0.7,42.7,1.2,39.3,NA,7.7,NA,8.4,45.4,40.8,13.8,NA,29.5,31.1,NA,39.4,22.2,51.5,26.3,NA,NA,NA,NA,NA,NA,NA,NA,NA,NA,NA,NA,NA,NA,NA,8.4,3.5,26.9,4.8,NA,5.4,10.1,25.7,5.5,9.6,NA,NA,NA,NA,NA,NA,NA,NA,NA,31,23.8,24.1,11.7,9.3,16,13,14,18,19,20,NA,NA,NA,NA,NA,NA,30,35.8,34.2,NA,NA,NA,NA,NA,NA,NA,NA,NA,NA,NA,NA,NA,NA,NA,9.1,43.7,43.9,3.3,NA,NA,NA,NA
New Jersey,NA,NA,NA,NA,NA,NA,NA,NA,NA,NA,NA,NA,52.5,46.7,0.8,NA,NA,NA,40.4,46.5,13.1,NA,NA,NA,NA,NA,NA,NA,NA,NA,NA,NA,NA,NA,NA,NA,NA,4.4,12,11.1,4.2,68.3,NA,NA,NA,NA,NA,NA,NA,NA,NA,NA,NA,NA,NA,NA,NA,NA,NA,NA,NA,NA,NA,NA,NA,NA,NA,NA,NA,NA,NA,NA,39.4,45.7,14.9,NA,NA,NA,NA,1.2,35.8,0.8,41,NA,7.5,NA,13.7,NA,NA,NA,NA,27.5,26.7,45.8,NA,NA,NA,NA,NA,NA,NA,NA,NA,NA,NA,NA,NA,NA,NA,NA,NA,NA,NA,NA,NA,NA,NA,NA,NA,NA,NA,NA,NA,NA,NA,NA,NA,NA,NA,NA,NA,NA,27.7,30.1,17.7,18.1,6.4,11.1,15.3,13.9,20.6,20.1,19,NA,NA,NA,NA,NA,NA,38.2,38,23.8,NA,NA,NA,NA,NA,NA,NA,NA,NA,NA,NA,NA,NA,NA,NA,9,35.8,51.8,3.4,NA,NA,NA,NA
South Carolina,NA,NA,NA,NA,NA,NA,NA,NA,NA,NA,NA,NA,54.3,45.4,0.3,NA,NA,NA,NA,NA,NA,NA,NA,NA,NA,NA,NA,NA,NA,NA,NA,NA,NA,NA,NA,NA,NA,0.9,19.9,3.2,4.1,71.9,NA,NA,NA,NA,NA,NA,NA,NA,NA,NA,NA,NA,NA,NA,NA,NA,NA,NA,NA,NA,NA,NA,NA,NA,NA,NA,NA,NA,NA,NA,50.6,36.7,12.7,NA,NA,NA,NA,NA,NA,NA,NA,NA,NA,NA,NA,NA,NA,NA,1.5,43.8,3,NA,51.7,NA,NA,NA,NA,NA,NA,NA,NA,NA,NA,NA,NA,NA,NA,NA,NA,NA,NA,NA,NA,NA,NA,NA,NA,NA,NA,NA,NA,NA,NA,NA,NA,NA,NA,NA,NA,NA,29.2,23.1,23.6,14.7,9.5,15,12.9,17,18.7,14.6,21.7,30.6,24.4,45,NA,NA,NA,NA,NA,NA,NA,NA,NA,NA,NA,NA,NA,NA,NA,NA,NA,NA,NA,NA,NA,9.2,49.4,38.8,2.7,NA,NA,NA,NA
Colorado,NA,NA,NA,NA,NA,NA,NA,NA,NA,NA,NA,NA,50.8,48.6,NA,NA,NA,NA,NA,NA,NA,NA,NA,NA,NA,NA,NA,NA,NA,NA,NA,NA,NA,NA,NA,NA,NA,1.8,10.2,5.2,5.1,77.7,NA,NA,NA,NA,NA,NA,NA,NA,NA,NA,NA,NA,NA,NA,NA,NA,NA,NA,NA,NA,NA,NA,NA,NA,NA,NA,NA,NA,NA,NA,NA,NA,NA,NA,NA,NA,NA,NA,NA,NA,NA,NA,NA,NA,NA,NA,NA,NA,NA,NA,NA,NA,NA,NA,NA,NA,NA,NA,NA,NA,NA,NA,NA,NA,NA,NA,NA,NA,NA,NA,NA,NA,NA,NA,NA,NA,NA,NA,NA,NA,NA,NA,NA,NA,NA,NA,NA,NA,NA,NA,29.5,21.1,24.7,12.9,11.9,NA,NA,NA,NA,NA,16.6,NA,NA,NA,NA,NA,NA,NA,NA,NA,NA,NA,NA,NA,NA,NA,NA,NA,NA,NA,NA,NA,NA,NA,NA,17.8,45.9,31.9,4.3,NA,NA,NA,NA
South Dakota,NA,NA,NA,NA,NA,NA,NA,NA,NA,NA,NA,NA,50.8,48.6,NA,NA,NA,NA,NA,NA,NA,NA,NA,NA,NA,NA,NA,NA,NA,NA,NA,NA,NA,NA,NA,NA,NA,1.8,10.2,5.2,5.1,77.7,NA,NA,NA,NA,NA,NA,NA,NA,NA,NA,NA,NA,NA,NA,NA,NA,NA,NA,NA,NA,NA,NA,NA,NA,NA,NA,NA,NA,NA,NA,NA,NA,NA,NA,NA,NA,NA,NA,NA,NA,NA,NA,NA,NA,NA,NA,NA,NA,NA,NA,NA,NA,NA,NA,NA,NA,NA,NA,NA,NA,NA,NA,NA,NA,NA,NA,NA,NA,NA,NA,NA,NA,NA,NA,NA,NA,NA,NA,NA,NA,NA,NA,NA,NA,NA,NA,NA,NA,NA,NA,29.5,21.1,24.7,12.9,11.9,NA,NA,NA,NA,NA,16.6,NA,NA,NA,NA,NA,NA,NA,NA,NA,NA,NA,NA,NA,NA,NA,NA,NA,NA,NA,NA,NA,NA,NA,NA,17.8,45.9,31.9,4.3,NA,NA,NA,NA
